ID,Price,Quantity,Rating,Color,Size,Material,Seller
P2008,100$,100,1,Red,L,Wood,MEDIMOPS
S2016,50$,2,2,Blue,M,Steel ,musicMagpie
T2005,60$,3,3,Green,S,Aluminun Alloy,Pharmapacks
N2007,75.234$,5,4,Blue,L,Plastic,World of Books Ltd
P2015,123$,65,5,Green,S,Wood,momox fr
T2005,421$,7,2,Green,S,Wood,（株）バリューブックス 365日毎日…
P2010,34$,1234,3,Blue,S,Wood,reBuy reCommerce G…
T2005,231$,234,1,Blue,S,Wood,AnkerDirect
P2009,4$,23,4,Green,L,Wood,Appario Retail Pri…
T2005,245$,42,3,Blue,L,Wood,Warehouse Deals
S2011,43$,34,5,Blue,L,Wood,SquareTrade
S2011,6$,23,2,Green,L,Wood,AnkerDirect
S2016,425$,412,5,Blue,L,Plastic,もったいない本舗　※通常24時間以内…
S2016,23$,35,2,Green,M,Plastic,OnlineMusicFilmsGa…
P2014,5$,3,3,Red,M,Plastic,CSL-Computer
S2012,34$,45,4,Red,M,Plastic,dodax-online-uk
S2014,41$,124,3,Red,M,Plastic,KW-Commerce
P2013,34$,23,5,White,S,Steel ,WeBuyBooks
T2015,1.234$,4,5,Black,S,Aluminun Alloy,Book Depository
S2014,32$,12,4,Yellow,M,Steel ,etailz
A2006,423$,545,5,White,L,Steel ,Cloudtail India
P2015,4$,13,1,Green,L,Wood,JEDirect
T2005,213$,14,2,Black,M,Aluminun Alloy,momox co uk
S2014,23$,0,3,Red,S,Steel ,Fintie
P2008,4$,51,4,Black,L,Wood,Decluttr Store
A2006,41$,48,5,Yellow,M,Steel ,UGREEN GROUP LIMIT…
T2006,34$,16,2,Green,S,Aluminun Alloy,Songmics
S2312,23$,0,1,White,S,Steel ,ネットオフ
T2005,4$,7,4,Red,S,Wood,Wordery
S2010,34$,1,5,Blue,M,Steel ,Sunvalleytek-UK
N2007,50$,8,5,Black,L,Plastic,Patozon
T2015,34$,1,5,Yellow,S,Aluminun Alloy,Utopia Deals
S2016,23$,9,4,Green,M,Plastic,BuyBoxer
T2006,41$,14,4,White,L,Aluminun Alloy,OxKom
P2008,50$,1,1,Red,L,Wood,"6pm, LLC"
T2005,34$,5,2,Blue,M,Aluminun Alloy,Sunvalley Brands
P2014,23$,1,3,Blue,S,Plastic,longtop
P2015,41$,11,3,Black,S,Wood,DOMU UK
S2014,4$,22,3,White,M,Plastic,all your music
W2614,6$,33,2,Yellow,M,Wood,River Colony Trading
S2016,34$,44,2,Blue,M,Plastic,Spigen Inc
S2016,50$,55,1,Green,L,Steel ,JEDirect UK
P1235,6$,66,1,White,L,Plastic,"Zappos Retail, Inc."
T2005,23$,77,4,Red,S,Wood,STK e-Shop
S2012,34$,84,5,Black,L,Plastic,Better World Books
P2008,4$,94,2,Yellow,S,Wood,CSL-Computer
A2006,41$,54,3,Blue,M,Steel ,Highly One
N2007,6$,52,3,White,M,Plastic,supermart USA
T2006,34$,21,2,Green,L,Aluminun Alloy,UGREEN GROUP LIMIT…
S2312,25$,33,1,Yellow,L,Steel ,BestChoiceproducts
T2005,23$,32,1,Red,S,Aluminun Alloy,Tool Deals
P2014,50$,21,5,Black,S,Plastic,Prime Pantry
P2015,6$,51,4,Blue,M,Wood,Rocket Kommerce LLP
S6512,41$,4,4,Black,L,Steel ,Mountain Warehouse
A2006,34$,23,5,Green,L,Steel ,Cloudtail India
T2019,4$,56,5,White,S,Aluminun Alloy,KW-Commerce
S2016,34$,55,4,Yellow,M,Plastic,Spigen Inc
T2015,23$,33,5,Red,S,Aluminun Alloy,Pharmapacks
S2312,25$,45,1,Blue,M,Steel ,Stock Your Home
S2014,34$,4,2,White,L,Plastic,SquareTrade
S2016,41$,6,2,Blue,L,Steel ,Songmics Direct
N2007,50$,47,3,Black,L,Plastic,supermart USA
P2008,242$,48,3,Blue,M,Wood,Better World Books
S3001,6$,4,2,Green,S,Steel ,Highly One
T2006,242$,49,1,White,S,Aluminun Alloy,STK e-Shop
P1235,4$,4,5,Red,M,Plastic,NEON Mart
P1235,25$,12,5,Black,S,Plastic,Mountain Warehouse
S2312,242$,13,5,Blue,L,Steel ,BestChoiceproducts
P1235,41$,14,5,Yellow,S,Plastic,CSL-Computer
A2006,242$,15,2,White,L,Steel ,Tool Deals
P2015,23$,16,3,Green,M,Wood,KW-Commerce
T2015,50$,17,3,Blue,S,Aluminun Alloy,Pharmapacks
S6512,25$,18,3,Black,L,Steel ,Cloudtail India
P2014,34$,19,4,Blue,S,Plastic,dEcolectrix
S3001,6$,21,5,Red,L,Steel ,UGREEN GROUP LIMIT…
S2016,4$,22,3,White,L,Plastic,Great Household
T2005,41$,23,2,Yellow,L,Aluminun Alloy,Spigen Inc
S2312,23$,24,5,Green,S,Steel ,Prime Pantry
S2012,242$,25,4,Black,M,Plastic,Stock Your Home
S3215,12$,26,5,Blue,M,Plastic,Rocket Kommerce LLP
P2008,34$,27,2,White,S,Wood,supermart USA
T2006,89$,28,1,Blue,M,Aluminun Alloy,Highly One
N2007,25$,2,3,Green,L,Plastic,SquareTrade
T2005,41$,29,2,Red,S,Wood,Digiflex
A2006,6$,30,2,Black,M,Steel ,Songmics Direct
P2015,4$,31,5,Black,S,Wood,Tool Deals
T2015,242$,32,4,Yellow,S,Aluminun Alloy,Pharmapacks
S2312,23$,33,1,Blue,L,Steel ,NEON Mart
S3215,50$,34,2,Blue,M,Plastic,Better World Books
T2005,47$,35,3,Red,S,Wood,KW-Commerce
P2014,65$,36,2,Blue,M,Plastic,Mountain Warehouse
S2016,34$,3,5,Green,L,Steel ,CSL-Computer
T2005,25$,38,4,Black,L,Wood,BestChoiceproducts
T2015,41$,39,1,Yellow,M,Aluminun Alloy,dEcolectrix
S2016,6$,40,2,Black,S,Plastic,Deals On Call
S2011,4$,41,3,Red,M,Wood,supermart USA
S3001,242$,42,2,Green,L,Steel ,Cloudtail India
S2014,23$,43,5,Blue,S,Plastic,Rocket Kommerce LLP
P2008,50$,44,4,White,L,Wood,STK e-Shop
T2005,21$,45,5,Yellow,M,Aluminun Alloy,Highly One
A2006,6$,46,5,Black,S,Steel ,Stock Your Home
S2012,34$,47,5,Red,L,Plastic,Pharmapacks
S2011,25$,48,5,Blue,M,Wood,Songmics Direct
S6512,41$,49,5,White,S,Steel ,SquareTrade
T2006,32$,50,4,Blue,L,Aluminun Alloy,Prime Pantry
T2005,25$,51,3,Green,M,Wood,NEON Mart
N2007,242$,52,4,Black,S,Plastic,UGREEN GROUP LIMIT…
S2312,4$,53,2,Blue,M,Steel ,Tool Deals
P1235,32$,54,3,White,L,Plastic,Spigen Inc
P2015,23$,55,5,Yellow,M,Wood,Mountain Warehouse
S1236,50$,56,4,Red,S,Steel ,KW-Commerce
S2011,6$,57,4,Black,S,Wood,Prime Time Commerce
P2014,48$,58,5,Green,M,Plastic,Great Household
S3001,34$,59,5,Blue,L,Steel ,supermart USA
S2011,61$,60,2,Blue,M,Wood,Digiflex
T2015,242$,61,3,Black,S,Aluminun Alloy,BestChoiceproducts
S2012,52$,62,1,Green,L,Plastic,Highly One
T2005,23$,63,5,Yellow,M,Wood,CSL-Computer
A2006,6$,64,5,Red,S,Steel ,Rocket Kommerce LLP
S2016,25$,65,4,White,M,Plastic,Pharmapacks
T2005,50$,66,5,Green,L,Wood,dEcolectrix
N2007,64$,67,5,Blue,S,Plastic,Deals On Call
S6512,4$,68,2,Black,M,Steel ,KW-Commerce
P2015,34$,69,1,Black,L,Wood,NEON Mart
T2005,23$,70,4,Red,M,Aluminun Alloy,Songmics Direct
S2014,23$,71,4,Yellow,S,Plastic,Cloudtail India
S2016,14$,72,5,Blue,M,Steel ,Better World Books
P1235,50$,7,2,White,L,Plastic,SquareTrade
S2011,242$,73,5,Blue,M,Wood,Tool Deals
S3001,6$,74,4,Green,S,Steel ,Prime Pantry
P4166,41$,75,1,Black,M,Wood,UGREEN GROUP LIMIT…
S3215,25$,76,2,Red,M,Plastic,Mountain Warehouse
S2312,54$,77,2,Blue,L,Steel ,SportingDoc
S2011,34$,78,5,Black,M,Wood,SPARES-2-GO
T2006,4$,79,2,Yellow,M,Aluminun Alloy,Spigen Inc
W2614,49$,80,2,Green,L,Wood,supermart USA
S2016,6$,81,2,White,M,Plastic,Stock Your Home
S6512,23$,82,5,Blue,S,Steel ,STK e-Shop
W2614,15$,83,5,Blue,M,Wood,BestChoiceproducts
P2014,50$,84,5,Yellow,L,Plastic,Rocket Kommerce LLP
A2006,34$,85,2,Green,M,Steel ,Great Household
S3001,4$,86,2,White,L,Steel ,Pharmapacks
S2014,41$,87,2,Red,L,Plastic,Prime Time Commerce
P2015,242$,88,2,Black,S,Wood,Prime Pantry
T2015,25$,89,2,Blue,S,Aluminun Alloy,Digiflex
S2312,6$,90,5,Blue,M,Steel ,SPARES-2-GO
S2012,50$,91,4,Green,L,Plastic,KW-Commerce
T2005,41$,92,1,White,M,Wood,NEON Mart
S6512,21$,93,3,Red,S,Steel ,Deals On Call
T2006,232$,94,2,Black,S,Aluminun Alloy,SportingDoc
P1235,91$,95,3,Yellow,L,Plastic,dEcolectrix
S2011,50$,96,5,Blue,M,Wood,SquareTrade
S3001,34$,97,5,Red,L,Steel ,CSL-Computer
S2016,4$,98,4,White,M,Plastic,Highly One
T2015,41$,99,5,Green,M,Aluminun Alloy,Prime Time Commerce
T2005,242$,100,5,Black,L,Wood,Songmics Direct
A2006,25$,11,4,Blue,L,Steel ,Spigen Inc
N2007,6$,22,5,Red,S,Plastic,Cloudtail India
W2614,6$,33,4,Blue,S,Wood,Tool Deals
S3215,41$,44,5,Black,M,Plastic,supermart USA
T2019,31$,55,4,Yellow,L,Aluminun Alloy,UGREEN GROUP LIMIT…
S2016,41$,66,5,White,M,Steel ,Great Household
P2015,242$,77,4,Black,S,Wood,Better World Books
P1235,4$,99,5,Blue,L,Plastic,Mountain Warehouse
S3001,34$,22,4,Green,M,Steel ,Stock Your Home
S2312,40$,44,4,Red,S,Steel ,Rocket Kommerce LLP
P2014,50$,52,5,Black,S,Plastic,Pharmapacks
T2005,6$,545,4,Blue,L,Aluminun Alloy,Digiflex
S2012,25$,6,5,White,M,Plastic,Prime Pantry
S2011,84$,2,2,Blue,S,Wood,BestChoiceproducts
S2016,19$,62,3,Yellow,M,Plastic,Deals On Call
A2006,41$,26,3,Blue,L,Steel ,NEON Mart
S3215,242$,87,2,Green,M,Plastic,SquareTrade
T2005,4$,262,5,White,S,Wood,KW-Commerce
S3001,23$,62,5,Red,M,Steel ,CSL-Computer
S3215,6$,626,2,Blue,L,Plastic,Prime Time Commerce
W2614,34$,26,3,Black,M,Wood,STK e-Shop
T2015,10$,26,2,Blue,S,Aluminun Alloy,supermart USA
S2014,50$,26,3,Black,M,Plastic,Deals On Call
S2312,6$,26,3,Green,L,Steel ,Highly One
T2005,20$,262,5,Yellow,M,Wood,dEcolectrix
S3215,23$,62,4,Red,S,Steel ,Great Household
N2007,25$,45,4,White,M,Plastic,Tool Deals
P2015,4$,91,5,Blue,L,Wood,Songmics Direct
P2014,34$,19,4,Green,M,Plastic,Cloudtail India
S6512,242$,1,2,Black,L,Steel ,Spigen Inc
T2006,23$,1,3,Blue,L,Aluminun Alloy,Pharmapacks
S3001,6$,6,3,Blue,M,Steel ,Digiflex
S2012,41$,26,5,White,M,Plastic,Stock Your Home
T2005,59$,2,4,Red,S,Wood,Mountain Warehouse
P1235,50$,6,5,Yellow,S,Plastic,BestChoiceproducts
S2312,242$,949,3,Black,S,Steel ,Better World Books
T2005,54$,59,1,Blue,M,Aluminun Alloy,Rocket Kommerce LLP
S2011,23$,22,2,Green,L,Wood,Prime Pantry
S3001,6$,3,5,Red,M,Steel ,SquareTrade
S2016,4$,262,4,Blue,L,Plastic,supermart USA
N2007,34$,9,5,Black,S,Plastic,KW-Commerce
T2005,25$,29,2,Blue,M,Wood,CSL-Computer
T2006,41$,9,1,Yellow,L,Aluminun Alloy,Spigen Inc
P2015,41$,9,3,White,S,Wood,UGREEN GROUP LIMIT…
